,competitions,popular rate
12,Brazil VS Germany,0.4099660249150623
14,Germany VS Argentina,0.3583742292689065
13,Netherlands VS Argentina,0.08154020385050963
8,Brazil VS Colombia,0.0741160186233799
15,Brazil VS Netherlands,0.06593683150874544
11,Argentina VS Belgium,0.05486347049200956
3,Germany VS Algeria,0.018623379891783063
7,Belgium VS United States,0.009437523593808984
0,Brazil VS Chile,0.008305020762551907
4,Netherlands VS Mexico,0.00604001510003775
1,Colombia VS Uruguay,0.0031458411979363283
6,Argentina VS Swiss,0.0013841701270919844
9,French VS Germany,0.0007550018875047187
2,French VS Nigeria,0.00037750094375235937
10,Netherlands VS Costa rica,0.00012583364791745311
5,Costa rica VS Greek,0.0
